{
  "experiment": "phase1_entanglement_distributions",
  "config": "configs/phase1_locked.yaml",
  "seed": 42,
  "protocol": "shared_qbm",
  "delta_validated": true,
  "delta_computed": 0.21345742336630646,
  "delta_reference": 0.381,
  "per_trajectory": {
    "self_modeling": {
      "s_ent": [
        1.930689233810263,
        1.9511357845226607,
        2.170507768893563,
        2.0594597673547157,
        2.016246299350834,
        1.9465805958572986,
        1.9107410299960492,
        1.9368166596465313,
        2.0366352081065537,
        1.9431119878636836,
        2.093655775373645,
        2.0388532335787657,
        2.1460260026712326,
        2.111341536180678,
        1.9028829792016955,
        1.9240285771131087,
        2.1800319579763836,
        1.9081089401340443,
        2.0353565945702425,
        2.0843322415851513,
        2.0023054399100038,
        1.9287376559208922,
        2.0507116298325423,
        2.0610856698928885,
        1.909564662578879,
        1.9216248838898844,
        1.9249975745715273,
        2.07537000478002,
        1.9463257848222264,
        2.1310454161829737
      ],
      "pri": [
        0.5550351176621869,
        0.4834856526043322,
        0.884951324024288,
        0.6607849767665611,
        0.5908125120978444,
        0.6170657153296509,
        0.7238358645685243,
        0.47874508551004424,
        0.7907875367983845,
        0.5905731797094003,
        0.8396056171807761,
        0.7189511021869309,
        0.8285921386381023,
        0.6679758588866905,
        0.8169698815198101,
        0.7116808434027642,
        0.8248269025095712,
        0.7417058240933276,
        0.6499807363521086,
        0.793286472279841,
        0.6048890319458781,
        0.6745885278819073,
        0.652983486530091,
        0.6877046374940312,
        0.7194618902239315,
        0.6783426425951534,
        0.5113492578095128,
        0.7648042404090687,
        0.6212983273164748,
        0.8401352814636095
      ]
    },
    "instrumental": {
      "s_ent": [
        1.8015906491520735,
        1.8004252293116014,
        1.7982001123414915,
        1.7823515368841851,
        1.799389219355883,
        1.788491702317674,
        1.8017437462107466,
        1.7895397460982823,
        1.7794993374662067,
        1.7862135612911092,
        1.7794993374662067,
        1.809890711078895,
        1.7806884444805986,
        1.7981235638121547,
        1.7933908229285078,
        1.8032537415556602,
        1.80008065380716,
        1.8230663691436686,
        1.7835406438985766,
        1.7794993374662067,
        1.8079730370697553,
        1.795705228025175,
        1.790154632020223,
        1.8017437462107466,
        1.7851909967049422,
        1.8112329151519597,
        1.8076159363185516,
        1.8078964885404187,
        1.7944135502157126,
        1.7941831988553718
      ],
      "pri": [
        0.47934978841487236,
        0.48214326489953596,
        0.5241418829440992,
        0.453641906856798,
        0.6434255893215961,
        0.5319828292252605,
        0.5081429535063761,
        0.6062293928087887,
        0.382628169419699,
        0.49682880119142236,
        0.4522182697199762,
        0.5811268199750595,
        0.40384042920787644,
        0.5508822298446506,
        0.5653014705359231,
        0.5139885498130278,
        0.5065772366399848,
        0.6366560859764983,
        0.4535791155089822,
        0.4385535616679845,
        0.5162170685912206,
        0.5492095492486502,
        0.47413364512837813,
        0.48652887059104194,
        0.528470875144573,
        0.6103835790913255,
        0.5080522064340942,
        0.43792023658868773,
        0.6301315963157137,
        0.5085993040542254
      ]
    },
    "random": {
      "s_ent": [
        2.1068563480203784,
        2.2608574645520267,
        2.6420887918248384,
        2.2447640486591123,
        2.177642551364676,
        2.2712482256063837,
        2.193453572147412,
        2.1157731110088984,
        2.237370073976783,
        2.2169337709911354,
        2.1485174750238576,
        2.148381675116685,
        2.4557646654883634,
        2.2514996763639794,
        2.1138681269062682,
        2.270821278048042,
        2.218295973109598,
        2.1126982636026277,
        2.3918486553225513,
        2.527097082684506,
        2.2327653352468713,
        2.483258303172743,
        2.2147456201393507,
        2.29822300127329,
        2.1209271490276445,
        2.5109159568126604,
        2.1736033135561423,
        2.502097239668265,
        2.179126440150412,
        2.2773422698964625
      ],
      "pri": [
        0.5991944226004039,
        0.5800762083648141,
        0.6576138907481939,
        0.7494979009080278,
        0.6285768802581089,
        0.7446549454274324,
        0.5749561147242059,
        0.7079098730756372,
        0.5474466636431492,
        0.6537602933337777,
        0.6086738730481637,
        0.6173945791897524,
        0.5960935832556932,
        0.6378740788266002,
        0.4825294593505153,
        0.49371613011663895,
        0.7478666085681848,
        0.5808072264173398,
        0.38681620762244867,
        0.5132708940746193,
        0.7480332645866137,
        0.5279483963077011,
        0.5131623506648646,
        0.7195155795186216,
        0.5303737217541445,
        0.6037100962860581,
        0.6609121772609065,
        0.6950568843557626,
        0.615198620478761,
        0.8036374693283062
      ]
    },
    "high_entropy": {
      "s_ent": [
        2.018668742272647,
        2.094991045116998,
        2.1530008266701897,
        2.2670185314535427,
        2.026241866524204,
        2.068245476844871,
        2.022455304398426,
        2.0126798818773084,
        1.9609005044426064,
        2.028521419095431,
        2.018514233669312,
        2.085421149055718,
        2.093988433429014,
        2.0128171454646613,
        2.0262418665242046,
        2.1109752172194205,
        2.0708549102266303,
        2.024271331159648,
        1.9471218592036468,
        2.0768437706219687,
        2.1944448201270204,
        2.0361995317980868,
        1.9395034003092266,
        1.99401828375953,
        2.1154048686554123,
        2.0302601915549854,
        2.080545557305847,
        2.010402747927132,
        2.5829889963162707,
        2.067677365094155
      ],
      "pri": [
        0.7670568420038728,
        0.8087432627527648,
        0.9921687043280103,
        0.9913268476528746,
        0.7619910357724877,
        0.9465404061078507,
        0.7693817725032115,
        0.7587223693983691,
        0.9950079506429848,
        0.7841687406335378,
        0.8397303916162709,
        0.9947652000726809,
        0.9918073686133692,
        0.9480147542196449,
        0.751937232461324,
        0.868917223385402,
        0.9888756329374365,
        0.7870107811552071,
        0.9898582325877383,
        0.9889692801812784,
        0.6961389473967631,
        0.7992350976959162,
        0.9962088907397735,
        0.9855288803642512,
        0.9946165104594474,
        0.7955039585209305,
        0.7499986004072777,
        0.9944299454032084,
        0.4600644176078165,
        0.7218680020369914
      ]
    },