{
  "experiment": "temporal_persistence",
  "seed": 42,
  "per_class_summary": {
    "random": {
      "mean_eps": 0.6729810126179501,
      "std_eps": 0.09794330883341723,
      "mean_pri": 0.6079351988253427,
      "std_pri": 0.11678830389627338,
      "mean_window_entropy": 0.10599045763053849
    },
    "self_modeling": {
      "mean_eps": 0.6763887428493959,
      "std_eps": 0.11466077729148454,
      "mean_pri": 0.7002851677612945,
      "std_pri": 0.10458025393776467,
      "mean_window_entropy": 0.2100342807106215
    },
    "instrumental": {
      "mean_eps": 0.6051632838725254,
      "std_eps": 0.14434019351308144,
      "mean_pri": 0.5299537885179499,
      "std_pri": 0.06454145455863174,
      "mean_window_entropy": 0.042787696700484
    }
  },
  "window_size_sweep": {
    "10": {
      "eps_gap": -0.11715010968518447,
      "eps_self": 0.6042360227418503,
      "eps_inst": 0.7213861324270348
    },
    "15": {
      "eps_gap": 0.02104074640933662,
      "eps_self": 0.6565663865192447,
      "eps_inst": 0.6355256401099081
    },
    "20": {
      "eps_gap": 0.07122545897687049,
      "eps_self": 0.6763887428493959,
      "eps_inst": 0.6051632838725254
    },
    "25": {
      "eps_gap": 0.17502860280409638,
      "eps_self": 0.704289985756961,
      "eps_inst": 0.5292613829528646
    },
    "30": {
      "eps_gap": 0.15817759801406195,
      "eps_self": 0.7035957861896607,
      "eps_inst": 0.5454181881755987
    },
    "40": {
      "eps_gap": 0.19484928572724847,
      "eps_self": 0.7342338901368126,
      "eps_inst": 0.5393846044095642
    }
  }
}